Workbook

Sheet Instructiuni
B2: Bucharest Twin Cup 2026 - fisa de scouting
B5: Foile fisierului
B6: Program SERENITY | C6: Cele 45 de meciuri ale grupei SERENITY, in ordinea oficiala. Completeaza scorurile; castigatorul se calculeaza singur.
B7: Program VELOCITY | C7: Idem, cele 45 de meciuri ale grupei VELOCITY.
B8: Meciuri | C8: Scouting detaliat. Toate cele 90 de meciuri sunt pre-completate din ambele perspective (180 de randuri): completeaza doar contorii pentru meciurile pe care le urmaresti.
B9: Sumar | C9: Statistici automate per alianta, grupate. Nu scrie nimic aici.
B11: Legenda culorilor
B12: Text albastru | C12: Celula de completat manual.
B13: Text negru aldin | C13: Celula calculata prin formula - nu o suprascrie.
B15: Punctaje DECODE folosite in formule
B16: LEAVE (ieșire de pe launch line, AUTO) | C16: 3 puncte / robot
B17: Artifact CLASSIFIED (AUTO si TELEOP) | C17: 3 puncte
B18: Artifact OVERFLOW (AUTO si TELEOP) | C18: 1 punct
B19: Artifact in DEPOT | C19: 1 punct
B20: PATTERN - artifact care corespunde motifului | C20: 2 puncte (evaluat separat la final de AUTO si de TELEOP)
B21: BASE - robot partial / complet intors | C21: 5 / 10 puncte
B22: BASE - bonus ambii roboti complet intorsi | C22: 10 puncte
B23: MINOR FOUL / MAJOR FOUL | C23: 5 / 15 puncte pentru adversar

Sheet Program SERENITY
A1: Meci | B1: Alianta rosie | C1: Echipe rosu | D1: Alianta albastra | E1: Echipe albastru | F1: Scor rosu | G1: Scor albastru | H1: Castigator | I1: Note
A2: Q-1 | B2: FUNKY FISHES | C2: 19043 CyLiis + 19044 Peppers | D2: ROBOCITY | E2: 21087 Velocity + 18270 RoboPlayers | H2: =IF(COUNT(F2:G2)<2,"",IF(F2>G2,$B2,IF(G2>F2,$D2,"Egal")))
A3: Q-2 | B3: Phoenix + Avocado | C3: 19280 Phoenix + 24554 AVOCADO ROBOTICS | D3: BRICKSAPIENS | E3: 15996 BrickBot + 19053 Homosapiens | H3: =IF(COUNT(F3:G3)<2,"",IF(F3>G3,$B3,IF(G3>F3,$D3,"Egal")))
A4: Q-3 | B4: ENERGYFROX | C4: 20092 RTF-RoboticTechFrox + 23417 The Energizers | D4: QUAN2D2 | E4: 14270 Quantum Robotics + 17962 Ro2D2 | H4: =IF(COUNT(F4:G4)<2,"",IF(F4>G4,$B4,IF(G4>F4,$D4,"Egal")))
A5: Q-4 | B5: CSH² | C5: 17861 CSH + 99961 Off-Season Demo Team | D5: RESISTECH | E5: 19091 The Resistance + 19056 PrimeTech | H5: =IF(COUNT(F5:G5)<2,"",IF(F5>G5,$B5,IF(G5>F5,$D5,"Egal")))
A6: Q-5 | B6: META KNIGHT | C6: 11139 Knight Owls + 18221 Meta^Infinity | D6: RoboAS + Xeo | E6: 19082 RoboAS + 14278 Xeo | H6: =IF(COUNT(F6:G6)<2,"",IF(F6>G6,$B6,IF(G6>F6,$D6,"Egal")))
A7: Q-11 | B7: BRICKSAPIENS | C7: 15996 BrickBot + 19053 Homosapiens | D7: FUNKY FISHES | E7: 19043 CyLiis + 19044 Peppers | H7: =IF(COUNT(F7:G7)<2,"",IF(F7>G7,$B7,IF(G7>F7,$D7,"Egal")))
A8: Q-12 | B8: ROBOCITY | C8: 21087 Velocity + 18270 RoboPlayers | D8: QUAN2D2 | E8: 14270 Quantum Robotics + 17962 Ro2D2 | H8: =IF(COUNT(F8:G8)<2,"",IF(F8>G8,$B8,IF(G8>F8,$D8,"Egal")))
A9: Q-13 | B9: Phoenix + Avocado | C9: 19280 Phoenix + 24554 AVOCADO ROBOTICS | D9: RESISTECH | E9: 19091 The Resistance + 19056 PrimeTech | H9: =IF(COUNT(F9:G9)<2,"",IF(F9>G9,$B9,IF(G9>F9,$D9,"Egal")))
A10: Q-14 | B10: ENERGYFROX | C10: 20092 RTF-RoboticTechFrox + 23417 The Energizers | D10: RoboAS + Xeo | E10: 19082 RoboAS + 14278 Xeo | H10: =IF(COUNT(F10:G10)<2,"",IF(F10>G10,$B10,IF(G10>F10,$D10,"Egal")))
A11: Q-15 | B11: CSH² | C11: 17861 CSH + 99961 Off-Season Demo Team | D11: META KNIGHT | E11: 11139 Knight Owls + 18221 Meta^Infinity | H11: =IF(COUNT(F11:G11)<2,"",IF(F11>G11,$B11,IF(G11>F11,$D11,"Egal")))
A12: Q-21 | B12: FUNKY FISHES | C12: 19043 CyLiis + 19044 Peppers | D12: QUAN2D2 | E12: 14270 Quantum Robotics + 17962 Ro2D2 | H12: =IF(COUNT(F12:G12)<2,"",IF(F12>G12,$B12,IF(G12>F12,$D12,"Egal")))
A13: Q-22 | B13: BRICKSAPIENS | C13: 15996 BrickBot + 19053 Homosapiens | D13: RESISTECH | E13: 19091 The Resistance + 19056 PrimeTech | H13: =IF(COUNT(F13:G13)<2,"",IF(F13>G13,$B13,IF(G13>F13,$D13,"Egal")))
... A46: Q-85 | B46: RoboAS + Xeo | C46: 19082 RoboAS + 14278 Xeo | D46: RESISTECH | E46: 19091 The Resistance + 19056 PrimeTech | H46: =IF(COUNT(F46:G46)<2,"",IF(F46>G46,$B46,IF(G46>F46,$D46,"Egal")))

Sheet Program VELOCITY
A1: Meci | B1: Alianta rosie | C1: Echipe rosu | D1: Alianta albastra | E1: Echipe albastru | F1: Scor rosu | G1: Scor albastru | H1: Castigator | I1: Note
A2: Q-6 | B2: HEART ATTACKS | C2: 20265 Heart of RoBots + 32868 LittleHearts | D2: ROBOSPARKS | E2: 23205 RoboDojo + 25871 SolarSparks Robotics | H2: =IF(COUNT(F2:G2)<2,"",IF(F2>G2,$B2,IF(G2>F2,$D2,"Egal")))
A3: Q-7 | B3: VVWORKS | C3: 19075 Clockworks + 19116 VV Robots | D3: GAME CHANGERS | E3: 15972 TehnoZ + 16166 Watt'S Up | H3: =IF(COUNT(F3:G3)<2,"",IF(F3>G3,$B3,IF(G3>F3,$D3,"Egal")))
A4: Q-8 | B4: INFOBOTS | C4: 19141 BraveBots + 15993 infO(1)Robotics | D4: LIT-HUANIA | E4: 24475 PlumBum + 24500 LITBOT | H4: =IF(COUNT(F4:G4)<2,"",IF(F4>G4,$B4,IF(G4>F4,$D4,"Egal")))
A5: Q-9 | B5: STARFORCE | C5: 24909 StarLight + 19234 ByteForce | D5: LUNARTITANS | E5: 19256 CyberMoon + 20732 ATLAS_CNB_192 | H5: =IF(COUNT(F5:G5)<2,"",IF(F5>G5,$B5,IF(G5>F5,$D5,"Egal")))
A6: Q-10 | B6: ALPHASPARKS | C6: 24345 SPARKTECH + 24033 Alphatronic | D6: AICINTEZ | E6: 19066 AiCitizens + 99966 Off-Season Demo Team | H6: =IF(COUNT(F6:G6)<2,"",IF(F6>G6,$B6,IF(G6>F6,$D6,"Egal")))
A7: Q-16 | B7: GAME CHANGERS | C7: 15972 TehnoZ + 16166 Watt'S Up | D7: HEART ATTACKS | E7: 20265 Heart of RoBots + 32868 LittleHearts | H7: =IF(COUNT(F7:G7)<2,"",IF(F7>G7,$B7,IF(G7>F7,$D7,"Egal")))
A8: Q-17 | B8: ROBOSPARKS | C8: 23205 RoboDojo + 25871 SolarSparks Robotics | D8: LIT-HUANIA | E8: 24475 PlumBum + 24500 LITBOT | H8: =IF(COUNT(F8:G8)<2,"",IF(F8>G8,$B8,IF(G8>F8,$D8,"Egal")))
A9: Q-18 | B9: VVWORKS | C9: 19075 Clockworks + 19116 VV Robots | D9: LUNARTITANS | E9: 19256 CyberMoon + 20732 ATLAS_CNB_192 | H9: =IF(COUNT(F9:G9)<2,"",IF(F9>G9,$B9,IF(G9>F9,$D9,"Egal")))
A10: Q-19 | B10: INFOBOTS | C10: 19141 BraveBots + 15993 infO(1)Robotics | D10: AICINTEZ | E10: 19066 AiCitizens + 99966 Off-Season Demo Team | H10: =IF(COUNT(F10:G10)<2,"",IF(F10>G10,$B10,IF(G10>F10,$D10,"Egal")))
A11: Q-20 | B11: STARFORCE | C11: 24909 StarLight + 19234 ByteForce | D11: ALPHASPARKS | E11: 24345 SPARKTECH + 24033 Alphatronic | H11: =IF(COUNT(F11:G11)<2,"",IF(F11>G11,$B11,IF(G11>F11,$D11,"Egal")))
A12: Q-26 | B12: HEART ATTACKS | C12: 20265 Heart of RoBots + 32868 LittleHearts | D12: LIT-HUANIA | E12: 24475 PlumBum + 24500 LITBOT | H12: =IF(COUNT(F12:G12)<2,"",IF(F12>G12,$B12,IF(G12>F12,$D12,"Egal")))
A13: Q-27 | B13: GAME CHANGERS | C13: 15972 TehnoZ + 16166 Watt'S Up | D13: LUNARTITANS | E13: 19256 CyberMoon + 20732 ATLAS_CNB_192 | H13: =IF(COUNT(F13:G13)<2,"",IF(F13>G13,$B13,IF(G13>F13,$D13,"Egal")))
... A46: Q-90 | B46: AICINTEZ | C46: 19066 AiCitizens + 99966 Off-Season Demo Team | D46: LUNARTITANS | E46: 19256 CyberMoon + 20732 ATLAS_CNB_192 | H46: =IF(COUNT(F46:G46)<2,"",IF(F46>G46,$B46,IF(G46>F46,$D46,"Egal")))

Sheet Meciuri
A1: Grupa | B1: Meci | C1: Alianta | D1: Adversar | E1: Culoare | F1: Roboti LEAVE | G1: AUTO classified | H1: AUTO overflow | I1: AUTO pattern | J1: TELEOP classified | K1: TELEOP overflow | L1: Depot | M1: TELEOP pattern | N1: Roboti partial baza | O1: Roboti complet baza | P1: Pct AUTO | Q1: Pct TELEOP | R1: Pct BASE | S1: TOTAL | T1: Artifacts prin square | U1: Rezultat | V1: Observatii
A2: SERENITY | B2: Q-1 | C2: FUNKY FISHES | D2: ROBOCITY | E2: Rosu | P2: =IF(COUNT($F2:$I2)=0,"",$F2*3+$G2*3+$H2+$I2*2) | Q2: =IF(COUNT($J2:$M2)=0,"",$J2*3+$K2+$L2+$M2*2) | R2: =IF(COUNT($N2:$O2)=0,"",$N2*5+$O2*10+IF($O2=2,10,0)) | S2: =IF(COUNT($F2:$O2)=0,"",SUM($P2:$R2)) | T2: =IF(COUNT($G2,$H2,$J2,$K2)=0,"",SUM($G2,$H2,$J2,$K2))
A3: SERENITY | B3: Q-1 | C3: ROBOCITY | D3: FUNKY FISHES | E3: Albastru | P3: =IF(COUNT($F3:$I3)=0,"",$F3*3+$G3*3+$H3+$I3*2) | Q3: =IF(COUNT($J3:$M3)=0,"",$J3*3+$K3+$L3+$M3*2) | R3: =IF(COUNT($N3:$O3)=0,"",$N3*5+$O3*10+IF($O3=2,10,0)) | S3: =IF(COUNT($F3:$O3)=0,"",SUM($P3:$R3)) | T3: =IF(COUNT($G3,$H3,$J3,$K3)=0,"",SUM($G3,$H3,$J3,$K3))
A4: SERENITY | B4: Q-2 | C4: Phoenix + Avocado | D4: BRICKSAPIENS | E4: Rosu | P4: =IF(COUNT($F4:$I4)=0,"",$F4*3+$G4*3+$H4+$I4*2) | Q4: =IF(COUNT($J4:$M4)=0,"",$J4*3+$K4+$L4+$M4*2) | R4: =IF(COUNT($N4:$O4)=0,"",$N4*5+$O4*10+IF($O4=2,10,0)) | S4: =IF(COUNT($F4:$O4)=0,"",SUM($P4:$R4)) | T4: =IF(COUNT($G4,$H4,$J4,$K4)=0,"",SUM($G4,$H4,$J4,$K4))
A5: SERENITY | B5: Q-2 | C5: BRICKSAPIENS | D5: Phoenix + Avocado | E5: Albastru | P5: =IF(COUNT($F5:$I5)=0,"",$F5*3+$G5*3+$H5+$I5*2) | Q5: =IF(COUNT($J5:$M5)=0,"",$J5*3+$K5+$L5+$M5*2) | R5: =IF(COUNT($N5:$O5)=0,"",$N5*5+$O5*10+IF($O5=2,10,0)) | S5: =IF(COUNT($F5:$O5)=0,"",SUM($P5:$R5)) | T5: =IF(COUNT($G5,$H5,$J5,$K5)=0,"",SUM($G5,$H5,$J5,$K5))
A6: SERENITY | B6: Q-3 | C6: ENERGYFROX | D6: QUAN2D2 | E6: Rosu | P6: =IF(COUNT($F6:$I6)=0,"",$F6*3+$G6*3+$H6+$I6*2) | Q6: =IF(COUNT($J6:$M6)=0,"",$J6*3+$K6+$L6+$M6*2) | R6: =IF(COUNT($N6:$O6)=0,"",$N6*5+$O6*10+IF($O6=2,10,0)) | S6: =IF(COUNT($F6:$O6)=0,"",SUM($P6:$R6)) | T6: =IF(COUNT($G6,$H6,$J6,$K6)=0,"",SUM($G6,$H6,$J6,$K6))
A7: SERENITY | B7: Q-3 | C7: QUAN2D2 | D7: ENERGYFROX | E7: Albastru | P7: =IF(COUNT($F7:$I7)=0,"",$F7*3+$G7*3+$H7+$I7*2) | Q7: =IF(COUNT($J7:$M7)=0,"",$J7*3+$K7+$L7+$M7*2) | R7: =IF(COUNT($N7:$O7)=0,"",$N7*5+$O7*10+IF($O7=2,10,0)) | S7: =IF(COUNT($F7:$O7)=0,"",SUM($P7:$R7)) | T7: =IF(COUNT($G7,$H7,$J7,$K7)=0,"",SUM($G7,$H7,$J7,$K7))
A8: SERENITY | B8: Q-4 | C8: CSH² | D8: RESISTECH | E8: Rosu | P8: =IF(COUNT($F8:$I8)=0,"",$F8*3+$G8*3+$H8+$I8*2) | Q8: =IF(COUNT($J8:$M8)=0,"",$J8*3+$K8+$L8+$M8*2) | R8: =IF(COUNT($N8:$O8)=0,"",$N8*5+$O8*10+IF($O8=2,10,0)) | S8: =IF(COUNT($F8:$O8)=0,"",SUM($P8:$R8)) | T8: =IF(COUNT($G8,$H8,$J8,$K8)=0,"",SUM($G8,$H8,$J8,$K8))
A9: SERENITY | B9: Q-4 | C9: RESISTECH | D9: CSH² | E9: Albastru | P9: =IF(COUNT($F9:$I9)=0,"",$F9*3+$G9*3+$H9+$I9*2) | Q9: =IF(COUNT($J9:$M9)=0,"",$J9*3+$K9+$L9+$M9*2) | R9: =IF(COUNT($N9:$O9)=0,"",$N9*5+$O9*10+IF($O9=2,10,0)) | S9: =IF(COUNT($F9:$O9)=0,"",SUM($P9:$R9)) | T9: =IF(COUNT($G9,$H9,$J9,$K9)=0,"",SUM($G9,$H9,$J9,$K9))
A10: SERENITY | B10: Q-5 | C10: META KNIGHT | D10: RoboAS + Xeo | E10: Rosu | P10: =IF(COUNT($F10:$I10)=0,"",$F10*3+$G10*3+$H10+$I10*2) | Q10: =IF(COUNT($J10:$M10)=0,"",$J10*3+$K10+$L10+$M10*2) | R10: =IF(COUNT($N10:$O10)=0,"",$N10*5+$O10*10+IF($O10=2,10,0)) | S10: =IF(COUNT($F10:$O10)=0,"",SUM($P10:$R10)) | T10: =IF(COUNT($G10,$H10,$J10,$K10)=0,"",SUM($G10,$H10,$J10,$K10))
A11: SERENITY | B11: Q-5 | C11: RoboAS + Xeo | D11: META KNIGHT | E11: Albastru | P11: =IF(COUNT($F11:$I11)=0,"",$F11*3+$G11*3+$H11+$I11*2) | Q11: =IF(COUNT($J11:$M11)=0,"",$J11*3+$K11+$L11+$M11*2) | R11: =IF(COUNT($N11:$O11)=0,"",$N11*5+$O11*10+IF($O11=2,10,0)) | S11: =IF(COUNT($F11:$O11)=0,"",SUM($P11:$R11)) | T11: =IF(COUNT($G11,$H11,$J11,$K11)=0,"",SUM($G11,$H11,$J11,$K11))
A12: SERENITY | B12: Q-11 | C12: BRICKSAPIENS | D12: FUNKY FISHES | E12: Rosu | P12: =IF(COUNT($F12:$I12)=0,"",$F12*3+$G12*3+$H12+$I12*2) | Q12: =IF(COUNT($J12:$M12)=0,"",$J12*3+$K12+$L12+$M12*2) | R12: =IF(COUNT($N12:$O12)=0,"",$N12*5+$O12*10+IF($O12=2,10,0)) | S12: =IF(COUNT($F12:$O12)=0,"",SUM($P12:$R12)) | T12: =IF(COUNT($G12,$H12,$J12,$K12)=0,"",SUM($G12,$H12,$J12,$K12))
A13: SERENITY | B13: Q-11 | C13: FUNKY FISHES | D13: BRICKSAPIENS | E13: Albastru | P13: =IF(COUNT($F13:$I13)=0,"",$F13*3+$G13*3+$H13+$I13*2) | Q13: =IF(COUNT($J13:$M13)=0,"",$J13*3+$K13+$L13+$M13*2) | R13: =IF(COUNT($N13:$O13)=0,"",$N13*5+$O13*10+IF($O13=2,10,0)) | S13: =IF(COUNT($F13:$O13)=0,"",SUM($P13:$R13)) | T13: =IF(COUNT($G13,$H13,$J13,$K13)=0,"",SUM($G13,$H13,$J13,$K13))
... A181: VELOCITY | B181: Q-90 | C181: LUNARTITANS | D181: AICINTEZ | E181: Albastru | P181: =IF(COUNT($F181:$I181)=0,"",$F181*3+$G181*3+$H181+$I181*2) | Q181: =IF(COUNT($J181:$M181)=0,"",$J181*3+$K181+$L181+$M181*2) | R181: =IF(COUNT($N181:$O181)=0,"",$N181*5+$O181*10+IF($O181=2,10,0)) | S181: =IF(COUNT($F181:$O181)=0,"",SUM($P181:$R181)) | T181: =IF(COUNT($G181,$H181,$J181,$K181)=0,"",SUM($G181,$H181,$J181,$K181))

Sheet Sumar
A1: Grupa | B1: Alianta | C1: Echipe | D1: Meciuri notate | E1: Total puncte | F1: Medie puncte | G1: Medie AUTO | H1: Medie TELEOP | I1: Medie BASE | J1: Medie artifacts | K1: Max punctaj | L1: V | M1: E | N1: I
A2: SERENITY | B2: FUNKY FISHES | C2: 19043 CyLiis + 19044 Peppers | D2: =COUNTIFS(Meciuri!$C$2:$C$181,$B2,Meciuri!$S$2:$S$181,">=0") -> 0 | E2: =IF($D2=0,"",SUMIFS(Meciuri!$S$2:$S$181,Meciuri!$C$2:$C$181,$B2)) | F2: =IF($D2=0,"",$E2/$D2) | G2: =IF($D2=0,"",SUMIFS(Meciuri!$P$2:$P$181,Meciuri!$C$2:$C$181,$B2)/$D2) | H2: =IF($D2=0,"",SUMIFS(Meciuri!$Q$2:$Q$181,Meciuri!$C$2:$C$181,$B2)/$D2) | I2: =IF($D2=0,"",SUMIFS(Meciuri!$R$2:$R$181,Meciuri!$C$2:$C$181,$B2)/$D2) | J2: =IF($D2=0,"",SUMIFS(Meciuri!$T$2:$T$181,Meciuri!$C$2:$C$181,$B2)/$D2) | K2: =IF($D2=0,"",_xlfn.MAXIFS(Meciuri!$S$2:$S$181,Meciuri!$C$2:$C$181,$B2)) | L2: =COUNTIFS(Meciuri!$C$2:$C$181,$B2,Meciuri!$U$2:$U$181,"W") -> 0 | M2: =COUNTIFS(Meciuri!$C$2:$C$181,$B2,Meciuri!$U$2:$U$181,"T") -> 0 | N2: =COUNTIFS(Meciuri!$C$2:$C$181,$B2,Meciuri!$U$2:$U$181,"L") -> 0
A3: SERENITY | B3: ROBOCITY | C3: 21087 Velocity + 18270 RoboPlayers | D3: =COUNTIFS(Meciuri!$C$2:$C$181,$B3,Meciuri!$S$2:$S$181,">=0") -> 0 | E3: =IF($D3=0,"",SUMIFS(Meciuri!$S$2:$S$181,Meciuri!$C$2:$C$181,$B3)) | F3: =IF($D3=0,"",$E3/$D3) | G3: =IF($D3=0,"",SUMIFS(Meciuri!$P$2:$P$181,Meciuri!$C$2:$C$181,$B3)/$D3) | H3: =IF($D3=0,"",SUMIFS(Meciuri!$Q$2:$Q$181,Meciuri!$C$2:$C$181,$B3)/$D3) | I3: =IF($D3=0,"",SUMIFS(Meciuri!$R$2:$R$181,Meciuri!$C$2:$C$181,$B3)/$D3) | J3: =IF($D3=0,"",SUMIFS(Meciuri!$T$2:$T$181,Meciuri!$C$2:$C$181,$B3)/$D3) | K3: =IF($D3=0,"",_xlfn.MAXIFS(Meciuri!$S$2:$S$181,Meciuri!$C$2:$C$181,$B3)) | L3: =COUNTIFS(Meciuri!$C$2:$C$181,$B3,Meciuri!$U$2:$U$181,"W") -> 0 | M3: =COUNTIFS(Meciuri!$C$2:$C$181,$B3,Meciuri!$U$2:$U$181,"T") -> 0 | N3: =COUNTIFS(Meciuri!$C$2:$C$181,$B3,Meciuri!$U$2:$U$181,"L") -> 0
A4: SERENITY | B4: Phoenix + Avocado | C4: 19280 Phoenix + 24554 AVOCADO ROBOTICS | D4: =COUNTIFS(Meciuri!$C$2:$C$181,$B4,Meciuri!$S$2:$S$181,">=0") -> 0 | E4: =IF($D4=0,"",SUMIFS(Meciuri!$S$2:$S$181,Meciuri!$C$2:$C$181,$B4)) | F4: =IF($D4=0,"",$E4/$D4) | G4: =IF($D4=0,"",SUMIFS(Meciuri!$P$2:$P$181,Meciuri!$C$2:$C$181,$B4)/$D4) | H4: =IF($D4=0,"",SUMIFS(Meciuri!$Q$2:$Q$181,Meciuri!$C$2:$C$181,$B4)/$D4) | I4: =IF($D4=0,"",SUMIFS(Meciuri!$R$2:$R$181,Meciuri!$C$2:$C$181,$B4)/$D4) | J4: =IF($D4=0,"",SUMIFS(Meciuri!$T$2:$T$181,Meciuri!$C$2:$C$181,$B4)/$D4) | K4: =IF($D4=0,"",_xlfn.MAXIFS(Meciuri!$S$2:$S$181,Meciuri!$C$2:$C$181,$B4)) | L4: =COUNTIFS(Meciuri!$C$2:$C$181,$B4,Meciuri!$U$2:$U$181,"W") -> 0 | M4: =COUNTIFS(Meciuri!$C$2:$C$181,$B4,Meciuri!$U$2:$U$181,"T") -> 0 | N4: =COUNTIFS(Meciuri!$C$2:$C$181,$B4,Meciuri!$U$2:$U$181,"L") -> 0
A5: SERENITY | B5: BRICKSAPIENS | C5: 15996 BrickBot + 19053 Homosapiens | D5: =COUNTIFS(Meciuri!$C$2:$C$181,$B5,Meciuri!$S$2:$S$181,">=0") -> 0 | E5: =IF($D5=0,"",SUMIFS(Meciuri!$S$2:$S$181,Meciuri!$C$2:$C$181,$B5)) | F5: =IF($D5=0,"",$E5/$D5) | G5: =IF($D5=0,"",SUMIFS(Meciuri!$P$2:$P$181,Meciuri!$C$2:$C$181,$B5)/$D5) | H5: =IF($D5=0,"",SUMIFS(Meciuri!$Q$2:$Q$181,Meciuri!$C$2:$C$181,$B5)/$D5) | I5: =IF($D5=0,"",SUMIFS(Meciuri!$R$2:$R$181,Meciuri!$C$2:$C$181,$B5)/$D5) | J5: =IF($D5=0,"",SUMIFS(Meciuri!$T$2:$T$181,Meciuri!$C$2:$C$181,$B5)/$D5) | K5: =IF($D5=0,"",_xlfn.MAXIFS(Meciuri!$S$2:$S$181,Meciuri!$C$2:$C$181,$B5)) | L5: =COUNTIFS(Meciuri!$C$2:$C$181,$B5,Meciuri!$U$2:$U$181,"W") -> 0 | M5: =COUNTIFS(Meciuri!$C$2:$C$181,$B5,Meciuri!$U$2:$U$181,"T") -> 0 | N5: =COUNTIFS(Meciuri!$C$2:$C$181,$B5,Meciuri!$U$2:$U$181,"L") -> 0
A6: SERENITY | B6: ENERGYFROX | C6: 20092 RTF-RoboticTechFrox + 23417 The Energizers | D6: =COUNTIFS(Meciuri!$C$2:$C$181,$B6,Meciuri!$S$2:$S$181,">=0") -> 0 | E6: =IF($D6=0,"",SUMIFS(Meciuri!$S$2:$S$181,Meciuri!$C$2:$C$181,$B6)) | F6: =IF($D6=0,"",$E6/$D6) | G6: =IF($D6=0,"",SUMIFS(Meciuri!$P$2:$P$181,Meciuri!$C$2:$C$181,$B6)/$D6) | H6: =IF($D6=0,"",SUMIFS(Meciuri!$Q$2:$Q$181,Meciuri!$C$2:$C$181,$B6)/$D6) | I6: =IF($D6=0,"",SUMIFS(Meciuri!$R$2:$R$181,Meciuri!$C$2:$C$181,$B6)/$D6) | J6: =IF($D6=0,"",SUMIFS(Meciuri!$T$2:$T$181,Meciuri!$C$2:$C$181,$B6)/$D6) | K6: =IF($D6=0,"",_xlfn.MAXIFS(Meciuri!$S$2:$S$181,Meciuri!$C$2:$C$181,$B6)) | L6: =COUNTIFS(Meciuri!$C$2:$C$181,$B6,Meciuri!$U$2:$U$181,"W") -> 0 | M6: =COUNTIFS(Meciuri!$C$2:$C$181,$B6,Meciuri!$U$2:$U$181,"T") -> 0 | N6: =COUNTIFS(Meciuri!$C$2:$C$181,$B6,Meciuri!$U$2:$U$181,"L") -> 0
A7: SERENITY | B7: QUAN2D2 | C7: 14270 Quantum Robotics + 17962 Ro2D2 | D7: =COUNTIFS(Meciuri!$C$2:$C$181,$B7,Meciuri!$S$2:$S$181,">=0") -> 0 | E7: =IF($D7=0,"",SUMIFS(Meciuri!$S$2:$S$181,Meciuri!$C$2:$C$181,$B7)) | F7: =IF($D7=0,"",$E7/$D7) | G7: =IF($D7=0,"",SUMIFS(Meciuri!$P$2:$P$181,Meciuri!$C$2:$C$181,$B7)/$D7) | H7: =IF($D7=0,"",SUMIFS(Meciuri!$Q$2:$Q$181,Meciuri!$C$2:$C$181,$B7)/$D7) | I7: =IF($D7=0,"",SUMIFS(Meciuri!$R$2:$R$181,Meciuri!$C$2:$C$181,$B7)/$D7) | J7: =IF($D7=0,"",SUMIFS(Meciuri!$T$2:$T$181,Meciuri!$C$2:$C$181,$B7)/$D7) | K7: =IF($D7=0,"",_xlfn.MAXIFS(Meciuri!$S$2:$S$181,Meciuri!$C$2:$C$181,$B7)) | L7: =COUNTIFS(Meciuri!$C$2:$C$181,$B7,Meciuri!$U$2:$U$181,"W") -> 0 | M7: =COUNTIFS(Meciuri!$C$2:$C$181,$B7,Meciuri!$U$2:$U$181,"T") -> 0 | N7: =COUNTIFS(Meciuri!$C$2:$C$181,$B7,Meciuri!$U$2:$U$181,"L") -> 0
A8: SERENITY | B8: CSH² | C8: 17861 CSH + 99961 Off-Season Demo Team | D8: =COUNTIFS(Meciuri!$C$2:$C$181,$B8,Meciuri!$S$2:$S$181,">=0") -> 0 | E8: =IF($D8=0,"",SUMIFS(Meciuri!$S$2:$S$181,Meciuri!$C$2:$C$181,$B8)) | F8: =IF($D8=0,"",$E8/$D8) | G8: =IF($D8=0,"",SUMIFS(Meciuri!$P$2:$P$181,Meciuri!$C$2:$C$181,$B8)/$D8) | H8: =IF($D8=0,"",SUMIFS(Meciuri!$Q$2:$Q$181,Meciuri!$C$2:$C$181,$B8)/$D8) | I8: =IF($D8=0,"",SUMIFS(Meciuri!$R$2:$R$181,Meciuri!$C$2:$C$181,$B8)/$D8) | J8: =IF($D8=0,"",SUMIFS(Meciuri!$T$2:$T$181,Meciuri!$C$2:$C$181,$B8)/$D8) | K8: =IF($D8=0,"",_xlfn.MAXIFS(Meciuri!$S$2:$S$181,Meciuri!$C$2:$C$181,$B8)) | L8: =COUNTIFS(Meciuri!$C$2:$C$181,$B8,Meciuri!$U$2:$U$181,"W") -> 0 | M8: =COUNTIFS(Meciuri!$C$2:$C$181,$B8,Meciuri!$U$2:$U$181,"T") -> 0 | N8: =COUNTIFS(Meciuri!$C$2:$C$181,$B8,Meciuri!$U$2:$U$181,"L") -> 0
A9: SERENITY | B9: RESISTECH | C9: 19091 The Resistance + 19056 PrimeTech | D9: =COUNTIFS(Meciuri!$C$2:$C$181,$B9,Meciuri!$S$2:$S$181,">=0") -> 0 | E9: =IF($D9=0,"",SUMIFS(Meciuri!$S$2:$S$181,Meciuri!$C$2:$C$181,$B9)) | F9: =IF($D9=0,"",$E9/$D9) | G9: =IF($D9=0,"",SUMIFS(Meciuri!$P$2:$P$181,Meciuri!$C$2:$C$181,$B9)/$D9) | H9: =IF($D9=0,"",SUMIFS(Meciuri!$Q$2:$Q$181,Meciuri!$C$2:$C$181,$B9)/$D9) | I9: =IF($D9=0,"",SUMIFS(Meciuri!$R$2:$R$181,Meciuri!$C$2:$C$181,$B9)/$D9) | J9: =IF($D9=0,"",SUMIFS(Meciuri!$T$2:$T$181,Meciuri!$C$2:$C$181,$B9)/$D9) | K9: =IF($D9=0,"",_xlfn.MAXIFS(Meciuri!$S$2:$S$181,Meciuri!$C$2:$C$181,$B9)) | L9: =COUNTIFS(Meciuri!$C$2:$C$181,$B9,Meciuri!$U$2:$U$181,"W") -> 0 | M9: =COUNTIFS(Meciuri!$C$2:$C$181,$B9,Meciuri!$U$2:$U$181,"T") -> 0 | N9: =COUNTIFS(Meciuri!$C$2:$C$181,$B9,Meciuri!$U$2:$U$181,"L") -> 0
A10: SERENITY | B10: META KNIGHT | C10: 11139 Knight Owls + 18221 Meta^Infinity | D10: =COUNTIFS(Meciuri!$C$2:$C$181,$B10,Meciuri!$S$2:$S$181,">=0") -> 0 | E10: =IF($D10=0,"",SUMIFS(Meciuri!$S$2:$S$181,Meciuri!$C$2:$C$181,$B10)) | F10: =IF($D10=0,"",$E10/$D10) | G10: =IF($D10=0,"",SUMIFS(Meciuri!$P$2:$P$181,Meciuri!$C$2:$C$181,$B10)/$D10) | H10: =IF($D10=0,"",SUMIFS(Meciuri!$Q$2:$Q$181,Meciuri!$C$2:$C$181,$B10)/$D10) | I10: =IF($D10=0,"",SUMIFS(Meciuri!$R$2:$R$181,Meciuri!$C$2:$C$181,$B10)/$D10) | J10: =IF($D10=0,"",SUMIFS(Meciuri!$T$2:$T$181,Meciuri!$C$2:$C$181,$B10)/$D10) | K10: =IF($D10=0,"",_xlfn.MAXIFS(Meciuri!$S$2:$S$181,Meciuri!$C$2:$C$181,$B10)) | L10: =COUNTIFS(Meciuri!$C$2:$C$181,$B10,Meciuri!$U$2:$U$181,"W") -> 0 | M10: =COUNTIFS(Meciuri!$C$2:$C$181,$B10,Meciuri!$U$2:$U$181,"T") -> 0 | N10: =COUNTIFS(Meciuri!$C$2:$C$181,$B10,Meciuri!$U$2:$U$181,"L") -> 0
A11: SERENITY | B11: RoboAS + Xeo | C11: 19082 RoboAS + 14278 Xeo | D11: =COUNTIFS(Meciuri!$C$2:$C$181,$B11,Meciuri!$S$2:$S$181,">=0") -> 0 | E11: =IF($D11=0,"",SUMIFS(Meciuri!$S$2:$S$181,Meciuri!$C$2:$C$181,$B11)) | F11: =IF($D11=0,"",$E11/$D11) | G11: =IF($D11=0,"",SUMIFS(Meciuri!$P$2:$P$181,Meciuri!$C$2:$C$181,$B11)/$D11) | H11: =IF($D11=0,"",SUMIFS(Meciuri!$Q$2:$Q$181,Meciuri!$C$2:$C$181,$B11)/$D11) | I11: =IF($D11=0,"",SUMIFS(Meciuri!$R$2:$R$181,Meciuri!$C$2:$C$181,$B11)/$D11) | J11: =IF($D11=0,"",SUMIFS(Meciuri!$T$2:$T$181,Meciuri!$C$2:$C$181,$B11)/$D11) | K11: =IF($D11=0,"",_xlfn.MAXIFS(Meciuri!$S$2:$S$181,Meciuri!$C$2:$C$181,$B11)) | L11: =COUNTIFS(Meciuri!$C$2:$C$181,$B11,Meciuri!$U$2:$U$181,"W") -> 0 | M11: =COUNTIFS(Meciuri!$C$2:$C$181,$B11,Meciuri!$U$2:$U$181,"T") -> 0 | N11: =COUNTIFS(Meciuri!$C$2:$C$181,$B11,Meciuri!$U$2:$U$181,"L") -> 0
A12: VELOCITY | B12: HEART ATTACKS | C12: 20265 Heart of RoBots + 32868 LittleHearts | D12: =COUNTIFS(Meciuri!$C$2:$C$181,$B12,Meciuri!$S$2:$S$181,">=0") -> 0 | E12: =IF($D12=0,"",SUMIFS(Meciuri!$S$2:$S$181,Meciuri!$C$2:$C$181,$B12)) | F12: =IF($D12=0,"",$E12/$D12) | G12: =IF($D12=0,"",SUMIFS(Meciuri!$P$2:$P$181,Meciuri!$C$2:$C$181,$B12)/$D12) | H12: =IF($D12=0,"",SUMIFS(Meciuri!$Q$2:$Q$181,Meciuri!$C$2:$C$181,$B12)/$D12) | I12: =IF($D12=0,"",SUMIFS(Meciuri!$R$2:$R$181,Meciuri!$C$2:$C$181,$B12)/$D12) | J12: =IF($D12=0,"",SUMIFS(Meciuri!$T$2:$T$181,Meciuri!$C$2:$C$181,$B12)/$D12) | K12: =IF($D12=0,"",_xlfn.MAXIFS(Meciuri!$S$2:$S$181,Meciuri!$C$2:$C$181,$B12)) | L12: =COUNTIFS(Meciuri!$C$2:$C$181,$B12,Meciuri!$U$2:$U$181,"W") -> 0 | M12: =COUNTIFS(Meciuri!$C$2:$C$181,$B12,Meciuri!$U$2:$U$181,"T") -> 0 | N12: =COUNTIFS(Meciuri!$C$2:$C$181,$B12,Meciuri!$U$2:$U$181,"L") -> 0
A13: VELOCITY | B13: ROBOSPARKS | C13: 23205 RoboDojo + 25871 SolarSparks Robotics | D13: =COUNTIFS(Meciuri!$C$2:$C$181,$B13,Meciuri!$S$2:$S$181,">=0") -> 0 | E13: =IF($D13=0,"",SUMIFS(Meciuri!$S$2:$S$181,Meciuri!$C$2:$C$181,$B13)) | F13: =IF($D13=0,"",$E13/$D13) | G13: =IF($D13=0,"",SUMIFS(Meciuri!$P$2:$P$181,Meciuri!$C$2:$C$181,$B13)/$D13) | H13: =IF($D13=0,"",SUMIFS(Meciuri!$Q$2:$Q$181,Meciuri!$C$2:$C$181,$B13)/$D13) | I13: =IF($D13=0,"",SUMIFS(Meciuri!$R$2:$R$181,Meciuri!$C$2:$C$181,$B13)/$D13) | J13: =IF($D13=0,"",SUMIFS(Meciuri!$T$2:$T$181,Meciuri!$C$2:$C$181,$B13)/$D13) | K13: =IF($D13=0,"",_xlfn.MAXIFS(Meciuri!$S$2:$S$181,Meciuri!$C$2:$C$181,$B13)) | L13: =COUNTIFS(Meciuri!$C$2:$C$181,$B13,Meciuri!$U$2:$U$181,"W") -> 0 | M13: =COUNTIFS(Meciuri!$C$2:$C$181,$B13,Meciuri!$U$2:$U$181,"T") -> 0 | N13: =COUNTIFS(Meciuri!$C$2:$C$181,$B13,Meciuri!$U$2:$U$181,"L") -> 0
... A21: VELOCITY | B21: AICINTEZ | C21: 19066 AiCitizens + 99966 Off-Season Demo Team | D21: =COUNTIFS(Meciuri!$C$2:$C$181,$B21,Meciuri!$S$2:$S$181,">=0") -> 0 | E21: =IF($D21=0,"",SUMIFS(Meciuri!$S$2:$S$181,Meciuri!$C$2:$C$181,$B21)) | F21: =IF($D21=0,"",$E21/$D21) | G21: =IF($D21=0,"",SUMIFS(Meciuri!$P$2:$P$181,Meciuri!$C$2:$C$181,$B21)/$D21) | H21: =IF($D21=0,"",SUMIFS(Meciuri!$Q$2:$Q$181,Meciuri!$C$2:$C$181,$B21)/$D21) | I21: =IF($D21=0,"",SUMIFS(Meciuri!$R$2:$R$181,Meciuri!$C$2:$C$181,$B21)/$D21) | J21: =IF($D21=0,"",SUMIFS(Meciuri!$T$2:$T$181,Meciuri!$C$2:$C$181,$B21)/$D21) | K21: =IF($D21=0,"",_xlfn.MAXIFS(Meciuri!$S$2:$S$181,Meciuri!$C$2:$C$181,$B21)) | L21: =COUNTIFS(Meciuri!$C$2:$C$181,$B21,Meciuri!$U$2:$U$181,"W") -> 0 | M21: =COUNTIFS(Meciuri!$C$2:$C$181,$B21,Meciuri!$U$2:$U$181,"T") -> 0 | N21: =COUNTIFS(Meciuri!$C$2:$C$181,$B21,Meciuri!$U$2:$U$181,"L") -> 0
